{
    "anzhulin@ict.ac.cn": [
        "安竹林",
        "计算机视觉；多媒体检索；自然语言处理"
    ],
    "aoxiang@ict.ac.cn": [
        "敖翔",
        "智能金融；数据挖掘；自然语言处理"
    ],
    "budechao@ict.ac.cn": [
        "卜德超",
        "医疗多模态人工智能、肿瘤智能决策"
    ],
    "caoqi@ict.ac.cn": [
        "曹婍",
        "可信推荐算法；算法安全评估监测；社交媒体分析挖掘"
    ],
    "fdai@ict.ac.cn": [
        "代锋",
        "计算机视觉；图像处理与分析"
    ],
    "diaoboyu2012@ict.ac.cn": [
        "刁博宇",
        "机器学习系统；边缘智能；嵌入式智能系统"
    ],
    "fanxinxin@ict.ac.cn": [
        "范鑫鑫",
        "机器学习安全；边缘计算；信任计算"
    ],
    "fanyixing@ict.ac.cn": [
        "范意兴",
        "信息检索；自然语言处理"
    ],
    "gaowanling@ict.ac.cn": [
        "高婉铃",
        "大数据和人工智能性能评测；计算机体系结构"
    ],
    "hemingjie@ict.ac.cn": [
        "何明捷",
        "计算机视觉；机器学习"
    ],
    "hexin2016@ict.ac.cn": [
        "何鑫",
        "科学计算；高性能计算；数值分析；软件开发；计算流体力学"
    ],
    "huangjianhui@ict.ac.cn": [
        "黄建辉",
        "大数据分析与应用；智能自组移动网络；智能协同；"
    ],
    "jianghao@ict.ac.cn": [
        "蒋浩",
        "虚拟现实和智能人机交互"
    ],
    "liang.li@ict.ac.cn": [
        "李亮",
        "多媒体内容分析；计算机视觉；跨媒体智能"
    ],
    "liwei2023@ict.ac.cn": [
        "李伟",
        "跨模态生成；自然语言生成；多模态学习"
    ],
    "hliu@ict.ac.cn": [
        "刘宏",
        "图像视频分析；医学图像处理与识别；机器学习；人机交互"
    ],
    "liushenghua@ict.ac.cn": [
        "刘盛华",
        "数据科学、人工智能；异常检测、大图挖掘及系统"
    ],
    "liuyuhang@ict.ac.cn": [
        "刘宇航",
        "计算机体系结构；存储系统；高性能计算；数据科学；智能并发系统；（研究组主页：liuyuhang.cc）"
    ],
    "ltm@ict.ac.cn": [
        "毛天露",
        "虚拟现实；人工智能"
    ],
    "mengxuying@ict.ac.cn": [
        "孟绪颖",
        "智能网络；异常检测；数据挖掘"
    ],
    "pangliang@ict.ac.cn": [
        "庞亮",
        "自然语言生成、信息检索、自然语言理解"
    ],
    "qiuqiang@ict.ac.cn": [
        "邱强",
        "大数据分析、空间分析、并行计算等"
    ],
    "xinhang.song@ict.ac.cn": [
        "宋新航",
        "场景识别与理解"
    ],
    "sunfei@ict.ac.cn": [
        "孙飞",
        "推荐系统；自然语言处理；算法安全"
    ],
    "sunxiaoping@ict.ac.cn": [
        "孙晓平",
        "人工智能和文本语义计算"
    ],
    "sunxiaoqian@ict.ac.cn": [
        "孙晓茜",
        "金融大数据分析挖掘；网络科学与社会计算"
    ],
    "wangshi@ict.ac.cn": [
        "王石",
        "知识图谱，语义分析，自然语言处理"
    ],
    "wangyinshan@ict.ac.cn": [
        "王银山",
        "数值模拟，并行计算，算法优化"
    ],
    "wangyongqing@ict.ac.cn": [
        "王永庆",
        "社交用户分析、社会媒体计算、数据挖掘、人工智能"
    ],
    "wulin@ict.ac.cn": [
        "吴琳",
        "信息融合；多目标跟踪"
    ],
    "wuyuming@ict.ac.cn": [
        "吴昱明",
        "知识图谱，大数据分析"
    ],
    "xubingbing@ict.ac.cn": [
        "徐冰冰",
        "社会计算；网络表示学习；图神经网络"
    ],
    "xueyuanhai@ict.ac.cn": [
        "薛源海",
        "信息检索、大数据应用"
    ],
    "yaodi@ict.ac.cn": [
        "姚迪",
        "时序数据智能分析；因果机器学习；异常检测"
    ],
    "yaoerlin@ict.ac.cn": [
        "姚二林",
        "大数据分析；机器学习；高性能计算"
    ],
    "jye@ict.ac.cn": [
        "叶剑",
        "机器学习；移动互联网数据挖掘；智能终端"
    ],
    "yulei2008@ict.ac.cn": [
        "于雷",
        "知识蒸馏，自然语言处理，大数据分析"
    ],
    "yuxiaoming@software.ict.ac.cn": [
        "俞晓明",
        "大规模信息检索相关技术"
    ],
    "yuanliang@ict.ac.cn": [
        "袁良",
        "并行计算模型、并行算法优化"
    ],
    "jiabei.zeng@ict.ac.cn": [
        "曾加贝",
        "计算机视觉；情感计算"
    ],
    "zhangcheng@ict.acn.cn": [
        "张程",
        "机器学习；自然语言处理；大数据分析"
    ],
    "zhangjie@ict.ac.cn": [
        "张杰",
        "计算机视觉与模式识别；深度学习；人脸识别"
    ],
    "jinzhang@ict.ac.cn": [
        "张瑾",
        "信息检索；自然语言处理；话题分析；自动文摘；大数据处理等"
    ],
    "zhangruqing@ict.ac.cn": [
        "张儒清",
        "信息检索；自然语言处理"
    ],
    "zhangrui@ict.ac.cn": [
        "张蕊",
        "人工智能算法；深度学习；强化学习"
    ],
    "zhangtengxiang@ict.ac.cn": [
        "张腾翔",
        "人机交互；普适计算"
    ],
    "zhangweikang@ict.ac.cn": [
        "张维康",
        "并行计算；信号与信息处理；大数据"
    ],
    "zhangxishan@ict.ac.cn": [
        "张曦珊",
        "深度学习算法"
    ],
    "zhangzhibin@ict.ac.cn": [
        "张志斌",
        "大数据计算系统设计；机器学习系统与算法设计"
    ],
    "mdzhu@ict.ac.cn": [
        "朱登明",
        "虚拟现实及智能人机交互"
    ],
    "jpingbi@ict.ac.cn": [
        "毕经平",
        "智能大数据分析；网络智能化"
    ],
    "caojuan@ict.ac.cn": [
        "曹娟",
        "数字内容合成与伪造检测；人工智能内容安全"
    ],
    "changhong@ict.ac.cn": [
        "常虹",
        "机器学习；计算机视觉；模式识别"
    ],
    "chenwei2022@ict.ac.cn": [
        "陈薇",
        "机器学习；可信人工智能；数据科学"
    ],
    "xlchen@ict.ac.cn": [
        "陈熙霖",
        "计算机视觉；模式识别；多媒体技术；多模态交互"
    ],
    "yqchen@ict.ac.cn": [
        "陈益强",
        "人工智能；人机交互与普适计算；计算医学"
    ],
    "cxq@ict.ac.cn": [
        "程学旗",
        "数据科学与大数据分析系统；网络科学与社会计算；web搜索与挖掘"
    ],
    "fengyang@ict.ac.cn": [
        "冯洋",
        "人工智能；自然语言处理"
    ],
    "guojiafeng@ict.ac.cn": [
        "郭嘉丰",
        "信息检索；自然语言理解；大数据分析系统"
    ],
    "hanhu@ict.ac.cn": [
        "韩琥",
        "计算机视觉；模式识别；医学影像分析"
    ],
    "heqing@ict.ac.cn 电话：010-62600542 手机：13910062653": [
        "何清",
        "机器学习；大数据挖掘等"
    ],
    "jinxiaolong@ict.ac.cn": [
        "靳小龙",
        "知识图谱、知识计算、大数据知识工程"
    ],
    "kanmeina@ict.ac.cn": [
        "阚美娜",
        "计算机视觉"
    ],
    "sgshan@ict.ac.cn": [
        "山世光",
        "计算机视觉；模式识别；机器学习；人脸识别；情感识别；健康感知"
    ],
    "snh@ict.ac.cn": [
        "孙凝晖",
        "计算机系统结构、高性能计算机"
    ],
    "ts@ict.ac.cn": [
        "唐胜",
        "多媒体内容分析与检索；计算机视觉与深度学习；模式识别与人工智能"
    ],
    "ruiping.wang@vipl.ict.ac.cn": [
        "王瑞平",
        "计算机视觉；模式识别；机器学习；图像处理"
    ],
    "wangshuhui@ict.ac.cn": [
        "王树徽",
        "跨媒体推理与交互；图像视频理解；开放域视觉学习"
    ],
    "wangyuanzhuo@ict.ac.cn": [
        "王元卓",
        "大数据分析；开放知识网络计算；社交网络演化分析；网络与信息安全；隐私泄漏行为分析等"
    ],
    "zqwang@ict.ac.cn": [
        "王兆其",
        "虚拟现实；多模式人机接口；人工智能"
    ],
    "xsh@ict.ac.cn": [
        "夏时洪",
        "计算机图形学；虚拟现实；人工智能"
    ],
    "xyj@ict.ac.cn": [
        "徐勇军",
        "人工智能系统；大数据处理技术"
    ],
    "xuqianqian@ict.ac.cn": [
        "许倩倩",
        "数据挖掘；机器学习；跨媒体计算"
    ],
    "zph@ncic.ac.cn": [
        "张佩珩",
        "高性能计算机系统；可重构计算；生物信息学；人工智能；大数据"
    ]
}