{
    "ydshen@ios.ac.cn": [
        "沈一栋",
        "数据挖掘与人工智能"
    ],
    "gaojie@ios.ac.cn": [
        "金高杰",
        "人工智能"
    ],
    "yingjun2011@iscas.ac.cn": [
        "张颖君",
        "系统安全、人工智能安全"
    ],
    "yucheng@iscas.ac.cn": [
        "李玉成",
        "并行软件与计算科学"
    ],
    "caojianwen@gmail.com": [
        "曹建文",
        "并行算法与高性能计算"
    ],
    "jifeng@iscas.ac.cn": [
        "姚继峰",
        "并行算法与软件、海量数据处理"
    ],
    "wangting@iscas.ac.cn": [
        "王婷",
        "并行计算、高性能计算、性能优化"
    ],
    "wenjing@iscas.ac.cn": [
        "马文静",
        "并行计算、高性能计算、并行代码生成与优化"
    ],
    "chenfeng@iscas.ac.cn": [
        "陈峰",
        "大数据、区块链"
    ],
    "zhangya@iscas.ac.cn": [
        "张娅",
        "计算数学、并行计算"
    ],
    "shuzi@iscas.ac.cn": [
        "牛树梓",
        "机器学习、信息检索"
    ],
    "leisheng@iscas.ac.cn": [
        "黎雷生",
        "高性能大规模并行计算、科学与工程计算、复杂异构计算系统性能优化"
    ],
    "sunqiao8964@qq.com": [
        "孙乔",
        "并行计算"
    ],
    "yangchao@iscas.ac.cn": [
        "白延成",
        "机器学习、深度学习"
    ],
    "biying@iscas.ac.cn": [
        "闫碧莹",
        "深度学习、时空数据挖掘、大模型"
    ],
    "sunle@iscas.ac.cn": [
        "孙乐",
        "自然语言处理"
    ],
    "xianpei@iscas.ac.cn": [
        "韩先培",
        "自然语言处理"
    ],
    "hongyu@iscas.ac.cn": [
        "林鸿宇",
        "大模型、自然语言理解"
    ],
    "hongan@iscas.ac.cn": [
        "王宏安",
        "人机交互、实时智能"
    ],
    "tianfeng@iscas.ac.cn": [
        "田丰",
        "人机交互"
    ],
    "qiaoying@iscas.ac.cn": [
        "乔颖",
        "实时智能、人机交互"
    ],
    "cuixia@iscas.ac.cn": [
        "马翠霞",
        "人机交互、可视媒体智能处理"
    ],
    "chenhui@iscas.ac.cn": [
        "陈辉",
        "人机交互"
    ],
    "xiaoming@iscas.ac..cn": [
        "邓小明",
        "计算机视觉、人机交互"
    ],
    "zhujq@ios.ac..cn": [
        "朱嘉奇",
        "互联网信息挖掘、人机混合智能"
    ],
    "sunwei2017@iscas.ac.cn": [
        "孙伟",
        "人工智能、人机交互"
    ],
    "xurong@iscas.ac.cn": [
        "谢旭荣",
        "语音和语言处理、情感计算、计算认知科学、机器学习"
    ],
    "yuekang@iscas.ac.cn": [
        "岳康",
        "虚拟现实场景中的人机交互技术、多模态用户状态感知与调控、脑机交互、深度学习"
    ],
    "tianzhuo2020@iscas.ac.cn": [
        "田卓",
        "工业仿真软件、高性能j计算、并行计算"
    ],
    "yedan@otcaix.iscas.ac.cn": [
        "叶丹",
        "大数据系统与智能分析"
    ],
    "wangwei@otcaix.iscas.ac.cn": [
        "王伟",
        "分布式系统、大数据与机器学习系统"
    ],
    "xugang@otcaix.iscas.ac.cn": [
        "徐罡",
        "数据挖掘、云计算"
    ],
    "ljie@otcaix.iscas.ac.cn": [
        "刘杰",
        "大数据分析算法与系统"
    ],
    "zhangfusang10@otcaix.iscas.ac.cn": [
        "张扶桑",
        "移动与普适计算、智能感知"
    ],
    "wangshuai@otcaix.iscas.ac.cn": [
        "王帅",
        "大数据分析处理"
    ],
    "wuyuewen@otcaix.iscas.ac.cn": [
        "吴悦文",
        "云边端系统性能优化、深度学习系统性能优化"
    ],
    "lihui2012@otcaix.iscas.ac.cn": [
        "李慧",
        "大数据系统、软件工程"
    ],
    "fanjiang@iscas.ac.cn": [
        "徐帆江",
        "智能信息处理"
    ],
    "hxh@iscas.ac.cn": [
        "胡晓惠",
        "大数据与智能信息处理"
    ],
    "changwen@iscas.ac.cn": [
        "郑昌文",
        "大数据与智能信息处理"
    ],
    "yuquan@iscas.ac.cn": [
        "吴玉泉",
        "大数据与智能信息处理"
    ],
    "fengge@iscas.ac.cn": [
        "吴凤鸽",
        "智能信息处理"
    ],
    "junsuo@iscas.ac.cn": [
        "赵军锁",
        "大数据与智能信息处理"
    ],
    "zhouxin@iscas.ac.cn": [
        "周鑫",
        "大数据与智能信息处理"
    ],
    "haichang@iscas.ac.cn": [
        "李海昌",
        "智能信息处理"
    ],
    "zhengquan@iscas.ac.cn": [
        "郑权",
        "人工智能、计算机图形学、计算成像"
    ],
    "xiongxin@iscas.ac.cn": [
        "唐熊忻",
        "智能信息处理"
    ],
    "wangrui@iscas.ac.cn": [
        "王瑞",
        "大数据与智能信息处理"
    ],
    "ywang@itechs.iscas.ac.cn": [
        "王永吉",
        "人工智能、大数据分析、智能制造、医疗影像分析处理、中医药大数据等"
    ],
    "dingliping@gz.iscas.ac.cn": [
        "丁丽萍",
        "计算机应用技术"
    ],
    "longlong@iscas.ac.cn": [
        "马龙龙",
        "自然语言处理"
    ],
    "liling@iscas.ac.cn": [
        "李玲",
        "智能计算、系统软件、视频处理"
    ],
    "libo@iscas.ac.cn": [
        "张立波",
        "人工智能、计算机视觉"
    ],
    "zhangheng17@iscas.ac.cn": [
        "张珩",
        "高性能系统、操作系统、异构计算"
    ],
    "fengjun@iscas.ac.cn": [
        "张凤军",
        "数据分析与可视化、区块链"
    ]
}