{
    "yangai@ustc.edu.cn": ["艾杨", "人工智能、语音技术"],
    "xjchang@ustc.edu.cn": ["常晓军", "人工智能、计算机视觉和多媒体技术"],
    "lipchen@ustc.edu.cn": ["陈丽萍", "人工智能、语音技术"],
    "qqchern@ustc.edu.cn": ["陈秋菊", "人工智能、数据与知识融合驱动智能计算"],
    "chenweidong@ustc.edu.cn": ["陈伟东", "人工智能、多模态情感分析"],
    "xjchen99@ustc.edu.cn": ["陈雪锦", "人工智能、生物计算机视觉"],
    "xunchen@ustc.edu.cn": ["陈勋", "医学人工智能、图像处理"],
    "chenzhibo@ustc.edu.cn": ["陈志波", "人工智能、智能多媒体计算"],
    "wpdings@ustc.edu.cn": ["丁卫平", "人工智能、生物医学工程"],
    "duhw@ustc.edu.cn": ["杜宏伟", "人工智能、生物医学成像和图像处理"],
    "jundu@ustc.edu.cn": ["杜俊", "人工智能、模式识别和语音信号处理"],
    "guowu@ustc.edu.cn": ["郭武", "人工智能、语言信号处理"],
    "haoyanbin@ustc.edu.cn": ["郝艳宾", "人工智能、多媒体信号处理"],
    "hexn@ustc.edu.cn": ["何向南", "人工智能、信息检索挖掘和机器学习"],
    "hubo@ustc.edu.cn": ["胡博", "人工智能、多媒体计算和信息检索挖掘"],
    "eeyhu@ustc.edu.cn": ["胡洋", "人工智能、计算机视觉"],
    "jiyang@ustc.edu.cn": ["计样", "人工智能、医学信号处理"],
    "aoli@ustc.edu.cn": ["李骜", "人工智能、智能感知和信号处理"],
    "binli@ustc.edu.cn": ["李斌", "人工智能、模式识别"],
    "licp@ustc.edu.cn": ["李成盼", "人工智能、图像处理"],
    "lihq@ustc.edu.cn": ["李厚强", "人工智能、图像处理和计算机视觉"],
    "lil1@ustc.edu.cn": ["李礼", "人工智能、图像视频处理"],
    "leexin@ustc.edu.cn": ["李鑫", "人工智能、AI for Chemistry and Material Science"],
    "lizhihuics@ustc.edu.cn": ["李志慧", "人工智能、智能系统"],
    "zhling@ustc.edu.cn": ["凌震华", "人工智能、自然语言处理和语言信号处理"],
    "aipingl@ustc.edu.cn": ["刘爱萍", "人工智能、医学图像处理"],
    "liucb92@ustc.edu.cn": ["刘传彬", "人工智能、计算机视觉"],
    "dongeliu@ustc.edu.cn": ["刘东", "人工智能、多媒体信号处理"],
    "lj1257@ustc.edu.cn": ["刘际", "人工智能、脑科学"],
    "junliu@ustc.edu.cn": ["刘军", "人工智能、机器学习和图像处理"],
    "liuwu@ustc.edu.cn": ["刘武", "人工智能、多模态达模型"],
    "bqiu@ustc.edu.cn": ["邱本胜", "人工智能、图像处理"],
    "sunxiaoyan@ustc.edu.cn": ["孙晓艳", "人工智能、图像处理"],
    "tlx@ustc.edu.cn": ["谭立湘", "人工智能、信息处理"],
    "xinmei@ustc.edu.cn": ["田新梅", "人工智能、计算机视觉"],
    "jiewangx@ustc.edu.cn": ["王杰", "人工智能、机器学习、AI for Science"],
    "mhwang@ustc.edu.cn": ["王明会", "人工智能、信息处理"],
    "shuowangcv@ustc.edu.cn": ["王硕", "人工智能、视觉文本信息处理"],
    "fengwu@ustc.edu.cn": ["吴枫", "人工智能、类脑智能"],
    "lewu@ustc.edu.cn": ["吴乐", "人工智能、医学技术"],
    "xiaoli11@ustc.edu.cn": ["肖力", "人工智能、医学信号处理"],
    "xiaop@ustc.edu.cn": ["肖鹏", "人工智能、信号处理"],
    "zwxiong@ustc.edu.cn": ["熊志伟", "人工智能、计算机视觉"],
    "xyang21@ustc.edu.cn": ["杨勋", "人工智能、多媒体信号处理"],
    "yuly@ustc.edu.cn": ["于灵云", "人工智能、多模态内容生成"],
    "leizh23@ustc.edu.cn": ["张磊", "人工智能、计算机视觉和多模态"],
    "zhyuey@ustc.edu.cn": ["张越一", "人工智能、计算机视觉"],
    "zhwg@ustc.edu.cn": ["周文罡", "人工智能、计算机视觉"],
    "yi_zhou@ustc.edu.cn": ["周熠", "人工智能"],
    "zqzhu@ustc.edu.cn": ["朱祖勍", "人工智能、通信网络"]
}