{
    "yanyongz@ustc.edu.cn": ["张燕咏", "计算机技术"],
    "xuweihf@ustc.edu.cn": ["徐伟", "计算机技术"],
    "xiangyangli@ustc.edu.cn": ["李向阳", "计算机技术"],
    "chengli7@ustc.edu.cn": ["李诚", "计算机技术"],
    "jxf@ustc.edu.cn": ["姜晓枫", "计算机技术"],
    "xbtan@ustc.edu.cn": ["谭小彬", "计算机技术"],
    "chensw@ustc.edu.cn": ["陈双武", "计算机技术"],
    "harryjun@ustc.edu.cn": ["於俊", "计算机技术"],
    "sfwang@ustc.edu.cn": ["王上飞", "计算机技术"],
    "helx@ustc.edu.cn": ["何力新", "计算机技术"],
    "sunxiaoyan@ustc.edu.cn": ["孙晓艳", "计算机技术"],
    "zhanglan@ustc.edu.cn": ["张兰", "计算机技术"],
    "zhyd73@ustc.edu.cn": ["张勇东", "人工智能、计算机技术"],
    "yuzhang@ustc.edu.cn": ["张昱", "计算机技术"],
    "forrest@ustc.edu.cn": ["曹洋", "计算机技术、软件工程"],
    "lihq@ustc.edu.cn": ["李厚强", "计算机技术"],
    "xyang21@ustc.edu.cn": ["杨勋", "计算机技术"],
    "wxiong@ustc.edu.cn": ["熊伟", "计算机技术"],
    "qukun@ustc.edu.cn": ["瞿昆", "人工智能"],
    "junweihan2010@gmail.com": ["韩军伟", "计算机技术"],
    "zhazj@ustc.edu.cn": ["查正军", "计算机技术"],
    "xunchen@ustc.edu.cn": ["陈勋", "计算机技术"],
    "hexn@ustc.edu.cn": ["何向南", "计算机技术"],
    "hclu@ustc.edu.cn": ["卢汉成", "计算机技术"],
    "ljun@ustc.edu.cn": ["李俊", "计算机技术"],
    "shenyu@ustc.edu.cn": ["沈瑜", "计算机技术"],
    "kpxue@ustc.edu.cn": ["薛开平", "计算机技术"],
    "chliu81@ustc.edu.cn": ["刘诚", "计算机技术"],
    "jijie232@ustc.edu.cn": ["纪杰", "计算机技术"],
    "qixing@ustc.edu.cn": ["张启兴", "计算机技术"]
}