{
    "ynh@ustc.edu.cn": ["俞能海", "视频处理与多媒体通信、信息检索"],
    "eecyan@ustc.edu.cn": ["陈彦", "人工智能、多媒体处理"],
    "yliao@ustc.edu.cn": ["廖勇", "大数据处理算法、网络安全"],
    "linjq@ustc.edu.cn": ["林璟锵", "密码学、网络安全"],
    "zdmao@ustc.edu.cn": ["毛震东", "计算机视觉、自然语言处理、人工智能"],
    "linyuan.lv@ustc.edu.cn": ["吕琳媛", "人工智能、网络信息挖掘计算"],
    "tgong@ustc.edu.cn": ["龚涛", "图文多模态理解、视觉感知与理解、生成内容检测"],
    "flowice@ustc.edu.cn": ["刘斌", "人工智能安全、计算机视觉"],
    "lszhuang@ustc.edu.cn": ["庄连生", "计算机视觉"],
    "qchu@ustc.edu.cn": ["储琪", "计算机视觉、人工智能安全"],
    "welbeckz@ustc.edu.cn": ["周文柏", "人工智能安全"],
    "huangwc@ustc.edu.cn": ["黄文超", "人工智能、网络移动计算"]
}